id,type,last_name,first_name,gender,birth_year,party,region,position,tiktok_username
2,Person,Abwerzger,Markus,male,1975,FPÖ,Tirol,Landtag,markusabwerzger
5,Person,Ackerl,Alexander,male,1991,SPÖ,Wien,Landtag,alexander.ackerl
7,Person,Aigner,Joachim,male,1976,MFG,Oberösterreich,Landtag,joachimaigner27
17,Person,Angerer,Erwin,male,1964,FPÖ,Kärnten,Landtag,erwin_angerer
20,Person,Antlinger,Thomas,male,1994,SPÖ,Oberösterreich,Landtag,thantlinger
22,Person,Arapović,Selma,female,1976,NEOS,Wien,Landtag,selma.arapovic
23,Person,Arpa,Claudia,female,1967,SPÖ,Österreich,Bundesrat,claudia.arpa
32,Person,Auer,Katrin,female,1974,SPÖ,Österreich,Nationalrat,katrinauer_steyr
33,Person,Auer-Stüger,Stephan,male,1979,SPÖ,Österreich,Bundesrat,stephanauerstueger
34,Person,Auinger-Oberzaucher,Gertraud,female,1971,NEOS,Österreich,Nationalrat,gertiauingeroberzaucher
35,Person,Babler,Andreas,male,1973,SPÖ,Österreich,Bundesregierung,andibabler
41,Person,Bauer,Anne-Sophie,female,1995,GRÜNE,Oberösterreich,Landtag,anne.sophie.bauer
53,Person,Berger,Ricarda,female,1986,FPÖ,Österreich,Nationalrat,ricarda.bianca.berger
59,Person,Berthold,Martina,female,1970,GRÜNE,Salzburg,Landtag,martinaberthold
63,Person,Binder,Reinhold,male,1978,SPÖ,Österreich,Nationalrat,reinhold_binder
64,Person,Bitschi,Christof,male,1991,FPÖ,Vorarlberg,Landesregierung,cbitschi
65,Person,Blanik,Elisabeth,female,1966,SPÖ,Tirol,Landtag,elisabeth.blanik
68,Person,Bocksruker,Jochen,male,1975,SPÖ,Steiermark,Landtag,jochen.bocksruker
71,Person,Bozatemur-Akdag,Aslihan,female,1982,SPÖ,Wien,Landtag,aslihanbozatemur
75,Person,Brandstätter,Helmut,male,1955,NEOS,EU,EP,helmut.brandstaetter
76,Person,Brandstötter,Henrike,female,1975,NEOS,Österreich,Nationalrat,henrike_brandstoetter
77,Person,Brandweiner,Lukas,male,1989,ÖVP,Österreich,Nationalrat,lukas.brandweiner
78,Person,Brenner,Christian,male,1988,FPÖ,Niederösterreich,Landtag,christian.brenner61
80,Person,Brugger,Katrin,female,1974,ÖVP,Tirol,Landtag,katrinbrugger4u
87,Person,Bösch-Vetter,Christine,female,1982,GRÜNE,Vorarlberg,Landtag,christine_boesch_vetter
89,Person,Czernohorszky,Jürgen,male,1977,SPÖ,Wien,Landesregierung,czernohorszky
91,Person,Darmann,Gernot,male,1975,FPÖ,Österreich,Nationalrat,gdarmann
101,Person,Di Bernardo,Markus,male,1990,FPÖ,Kärnten,Landtag,markusdibernardo
106,Person,Disoski,Meri,female,1982,GRÜNE,Österreich,Nationalrat,meri_disoski
109,Person,Dollinger,Karin,female,1969,SPÖ,Salzburg,Landtag,karindollinger
111,Person,Dornauer,Georg,male,1983,parteilos,Tirol,Landtag,georg.dornauer
114,Person,Doskozil,Hans Peter,male,1970,SPÖ,Burgenland,Landesregierung,teamdoskozil
118,Person,Duzdar,Muna,female,1978,SPÖ,Österreich,Nationalrat,muna.duzdar
122,Person,Ecker,Georg,male,1986,GRÜNE,Niederösterreich,Landtag,georgecker
125,Person,Eder,Heike,female,1988,ÖVP,Österreich,Nationalrat,heike.eder01
128,Person,Edtstadler,Karoline,female,1981,ÖVP,Salzburg,Landesregierung,karoline.edtstadler
133,Person,Eibinger-Miedl,Barbara,female,1980,ÖVP,Österreich,Bundesregierung,barbaraeibinger
138,Person,Eisenkopf,Astrid,female,1984,SPÖ,Burgenland,Landtag,astrideisenkopf
141,Person,Emmerling,Bettina,female,1980,NEOS,Wien,Landesregierung,bettina.emmerling
146,Person,Erber,Anton,male,1968,ÖVP,Niederösterreich,Landtag,antonerber
151,Person,Feichtinger,Elisabeth,female,1987,SPÖ,Österreich,Nationalrat,elisabethfeichtin6
153,Person,Fellner,Daniel,male,1977,SPÖ,Kärnten,Landesregierung,daniel_fellner
155,Person,Feurstein-Hosp,Nicole,female,1982,FPÖ,Vorarlberg,Landtag,nicolefeursteinhosp
162,Person,Fleischanderl,Elisabeth,female,1995,SPÖ,Tirol,Landtag,lilli_bethi
177,Person,Gamon,Claudia,female,1988,NEOS,Vorarlberg,Landtag,diegamon
178,Person,Gamper,Alexander,male,1975,FPÖ,Tirol,Landtag,alexandergamper
179,Person,Gang,Andreas,male,1983,FPÖ,Tirol,Landtag,gangandreas
182,Person,Gasser,Johannes,male,1991,NEOS,Österreich,Nationalrat,der.gasser
185,Person,Geistler,Luca-André,male,1998,FPÖ,Steiermark,Landtag,geistlerluca
191,Person,Gewessler,Leonore,female,1977,GRÜNE,Österreich,Nationalrat,lgewessler
199,Person,Gradwohl,Werner,male,1959,FPÖ,Österreich,Bundesrat,wernergradwohl
217,Person,Guggenbichler,Udo,male,1974,FPÖ,Wien,Landtag,udoguggenbichler
221,Person,Götze,Elisabeth,female,1966,GRÜNE,Österreich,Nationalrat,eligoetze
222,Person,Haas,Mario,male,1992,SPÖ,Oberösterreich,Landtag,mariohaas0
225,Person,Hacker,Peter,male,1963,SPÖ,Wien,Landesregierung,peter_hacker
227,Person,Hafenecker,Christian,male,1980,FPÖ,Österreich,Nationalrat,hafenecker
236,Person,Hammer,Lukas,male,1983,GRÜNE,Österreich,Nationalrat,lukas_hammer_tugendhat
244,Person,Hanger,Andreas,male,1968,ÖVP,Österreich,Nationalrat,andreas_hanger
245,Person,Hangöbl,Natalie,female,1991,KPÖ PLUS,Salzburg,Landtag,natalie.hangoebl
250,Person,Haslwanter,Patrick,male,1984,FPÖ,Tirol,Landtag,patrickhaslwanter
251,Person,Hattmannsdorfer,Wolfgang,male,1979,ÖVP,Österreich,Bundesregierung,wolfganghattmannsdorfer
255,Person,Hauser,Gerald,male,1961,FPÖ,EU,EP,geraldhauser_fpoe
257,Person,Heide,Hannes,male,1966,SPÖ,EU,EP,hannesheide_mep
258,Person,Heilig-Hofbauer,Simon,male,1987,GRÜNE,Salzburg,Landtag,simonheilighofbauer
264,Person,Hergovich,Robert,male,1976,SPÖ,Burgenland,Landtag,roberthergovich
266,Person,Hermann,Stefan,male,1985,FPÖ,Steiermark,Landesregierung,hermann.fpoe
267,Person,Herr,Julia Elisabeth,female,1992,SPÖ,Österreich,Nationalrat,frauherr_
269,Person,Herzog,Bernhard,male,1984,SPÖ,Österreich,Nationalrat,bher1210
271,Person,Himmer,Harald,male,1964,ÖVP,Österreich,Bundesrat,harald.himmer
272,Person,Himmer,Heinrich,male,1978,SPÖ,Österreich,Nationalrat,hey_heinrich
275,Person,Hofer,Norbert,male,1971,FPÖ,Burgenland,Landtag,norberthofer1
293,Person,Hutter,Viktoria,female,1991,ÖVP,Österreich,Bundesrat,viki_hutter
294,Person,Häusler,Dagmar,female,1983,MFG,Oberösterreich,Landtag,dagi_haeusler
303,Person,Jachs,Johanna,female,1991,ÖVP,Österreich,Nationalrat,johannajachs
304,Person,Jagl,Simone,female,1972,GRÜNE,Österreich,Bundesrat,simonejagl
313,Person,Kaineder,Stefan,male,1985,GRÜNE,Oberösterreich,Landesregierung,stefankaineder
317,Person,Kaiser,Peter,male,1958,SPÖ,Kärnten,Landesregierung,peter_kaiser
318,Person,Kampus,Doris,female,1967,SPÖ,Steiermark,Landtag,doris.kampus
334,Person,Khom,Manuela,female,1963,ÖVP,Steiermark,Landesregierung,manuela.khom
336,Person,Kickl,Herbert,male,1968,FPÖ,Österreich,Nationalrat,kicklherbert
338,Person,Kircher,Sophia,female,1994,ÖVP,EU,EP,sophiakircher
344,Person,Klimt-Weithaler,Claudia,female,1971,KPÖ,Steiermark,Landtag,claudia.klimtweithaler
349,Person,Kocevar,Wolfgang,male,1969,SPÖ,Österreich,Nationalrat,wolfgangkocevar
350,Person,Kofler,Gudrun,female,1983,FPÖ,Tirol,Landtag,gudrunkofler
352,Person,Kogler,Werner,male,1961,GRÜNE,Österreich,Nationalrat,werner.kogler
354,Person,Kolland,Sebastian,male,1983,ÖVP,Tirol,Landtag,sebastiankolland1983
367,Person,Kraus,Peter,male,1986,GRÜNE,Wien,Landesregierung,peterkraus.wien
368,Person,Krauss,Maximilian,male,1993,FPÖ,Wien,Landtag,maximilian_krauss
369,Person,Krautgartner,Manuel,male,1983,MFG,Oberösterreich,Landtag,manuelkrautgartner
370,Person,Krautwaschl,Sandra,female,1971,GRÜNE,Steiermark,Landtag,sandraoptimistinp
375,Person,Krumböck,Florian,male,1991,ÖVP,Niederösterreich,Landtag,florian.krumboeck
376,Person,Kucher,Philip,male,1981,SPÖ,Österreich,Nationalrat,philipkucher
377,Person,Kugler,Gudrun,female,1976,ÖVP,Österreich,Nationalrat,drgudrunkugler
379,Person,Kunasek,Mario,male,1976,FPÖ,Steiermark,Landesregierung,mario.kunasek
382,Person,Köllner,Maximilian,male,1991,SPÖ,Österreich,Nationalrat,maximiliankoellner
387,Person,Lackner,Fabienne,female,1997,NEOS,Vorarlberg,Landtag,fabiennelackner
389,Person,Laimer,Robert,male,1966,SPÖ,Österreich,Nationalrat,robertlaimer.at
390,Person,Landbauer,Udo,male,1986,FPÖ,Niederösterreich,Landesregierung,udo_landbauer
391,Person,Langer-Weninger,Michaela,female,1979,ÖVP,Oberösterreich,Landesregierung,michaela_langer_weninger
393,Person,Laschober-Luif,Carina,female,1981,ÖVP,Burgenland,Landtag,carinalaschoberluif
400,Person,Leinfellner,Markus,male,1980,FPÖ,Österreich,Nationalrat,markusleinfellner
408,Person,Lindner,Mario,male,1982,SPÖ,Österreich,Nationalrat,mario.lindner
414,Person,Ludwig,Michael,male,1961,SPÖ,Wien,Landesregierung,bgm.michaelludwig
416,Person,Lugner,Leo,male,1987,FPÖ,Wien,Landtag,leolugner
417,Person,Löcker,Theodor Felix,male,2003,GRÜNE,Wien,Landtag,theo_loecker
424,Person,Maier,Dominic,male,1989,FPÖ,Salzburg,Landtag,dominic__maier
427,Person,Mainusch,Dominik,male,1991,ÖVP,Tirol,Landtag,dominikmainusch51
428,Person,Mair,Gebi,male,1984,GRÜNE,Tirol,Landtag,gebimair
432,Person,Malle,Markus,male,1971,ÖVP,Kärnten,Landtag,markus.malle
434,Person,Mandl,Lukas,male,1979,ÖVP,EU,EP,lukasmandl.eu
437,Person,Margreiter,Doris,female,1968,SPÖ,Oberösterreich,Landtag,dorismargreiter
439,Person,Marschik,Daniel,male,1995,FPÖ,Tirol,Landtag,danielmarschik
442,Person,Mattle,Anton,male,1963,ÖVP,Tirol,Landesregierung,anton_mattle
443,Person,Matznetter,Christoph,male,1959,SPÖ,Österreich,Bundesrat,c.matznetter
445,Person,Maurer,Sigrid,female,1985,GRÜNE,Österreich,Nationalrat,sigi_maurer
451,Person,Mayr,Severin,male,1979,GRÜNE,Oberösterreich,Landtag,severinmayr
454,Person,Meinl-Reisinger,Beate,female,1978,NEOS,Österreich,Bundesregierung,beatemeinlreisinger
457,Person,Melinz,Alexander,male,1989,KPÖ,Steiermark,Landtag,alex.melinz
460,Person,Miesenberger,Johanna,female,1974,ÖVP,Österreich,Bundesrat,johannamiesenberger
461,Person,Mikl-Leitner,Johanna,female,1964,ÖVP,Niederösterreich,Landesregierung,johanna.mikl.leitner
462,Person,Minnich,Andreas,male,1974,ÖVP,Österreich,Nationalrat,andreas.minnich
463,Person,Moitzi,Wolfgang,male,1984,SPÖ,Österreich,Nationalrat,wmoitzi
464,Person,Mold,Franz,male,1962,ÖVP,Niederösterreich,Landtag,team.bgm.franz.mo
467,Person,Muthsam,Amelie,female,2002,SPÖ,Österreich,Bundesrat,amelie.muthsam
472,Person,Müller,Manuel,male,1979,SPÖ,Kärnten,Landtag,manuelmueller21
473,Person,Müller,Christoph,male,1998,NEOS,Niederösterreich,Landtag,chrisi.mueller
477,Person,Nepp,Dominik,male,1982,FPÖ,Wien,Landesregierung,dominik_nepp
482,Person,Neßler,Barbara,female,1991,GRÜNE,Österreich,Nationalrat,barbara_nessler
488,Person,Nussbaum,Verena,female,1970,SPÖ,Österreich,Nationalrat,verena.nussbaum
489,Person,Oberhofer,Dominik,male,1980,NEOS,Österreich,Nationalrat,dominik.oberhofer
491,Person,Obermüller,Birgit,female,1966,NEOS,Tirol,Landtag,birgitobermueller
504,Person,Pansy,Sarah,female,1990,KPÖ PLUS,Salzburg,Landtag,sarah.pansy
508,Person,Pawlata,Eva,female,1976,SPÖ,Tirol,Landesregierung,evapawlata
511,Person,Peterl,Martin,male,1977,SPÖ,Österreich,Bundesrat,martin.peterl
516,Person,Plakolm,Claudia,female,1994,ÖVP,Österreich,Bundesregierung,claudiaplakolm
519,Person,Prack,Georg,male,1983,GRÜNE,Wien,Landtag,georgprack
521,Person,Prammer,Agnes Sirkka,female,1977,GRÜNE,Österreich,Nationalrat,agnesprammer
525,Person,Pröll,Alexander,male,1990,ÖVP,Österreich,Bundesregierung,alexander.proell
531,Person,Pühringer,Judith,female,1976,GRÜNE,Wien,Landesregierung,judith_puehringer
533,Person,Ragger,Christian,male,1973,FPÖ,Österreich,Nationalrat,christianragger
534,Person,Rakuscha,Maximilian,male,1992,SPÖ,Kärnten,Landtag,maximilianrakuscha
535,Person,Ranzmaier,Christofer,male,1987,FPÖ,Österreich,Nationalrat,cranzmaier
540,Person,Reif,Robert,male,1987,NEOS,Steiermark,Landtag,robert_reif
548,Person,Resch,Klemens,male,1989,FPÖ,Wien,Landtag,klemens_resch
552,Person,Riedlsperger,Susanna,female,2001,NEOS,Tirol,Landtag,riedlsperger
570,Person,Sauerschnig,Rene,male,1981,FPÖ,Salzburg,Landtag,renesauerschnig
574,Person,Schallmeiner,Ralph,male,1976,GRÜNE,Österreich,Nationalrat,ralphschallmeiner
581,Person,Scheiber,Beate,female,1974,ÖVP,Tirol,Landtag,beatescheiber0
589,Person,Schieder,Andreas,male,1969,SPÖ,EU,EP,andreas.schieder
593,Person,Schilling,Lena,female,2001,GRÜNE,EU,EP,dieschilling
601,Person,Schmidt,Elvira,female,1970,SPÖ,Niederösterreich,Landtag,elviraschmidt969
602,Person,Schmidt,Michaela,female,1983,SPÖ,Österreich,Bundesregierung,this.is.michaela.schmidt
604,Person,Schmiedtbauer,Simone,female,1974,ÖVP,Steiermark,Landesregierung,simone.schmiedtba
607,Person,Schnabel,Joachim,male,1976,ÖVP,Österreich,Nationalrat,joachim.schnabel
610,Person,Schnedlitz,Michael,male,1984,FPÖ,Österreich,Nationalrat,michaelschnedlitz
612,Person,Schnetzer-Sutterlüty,Gerda,female,1975,ÖVP,Vorarlberg,Landtag,schnetzer.sutterl
619,Person,Schuch-Gubik,Lisa,female,1994,FPÖ,Österreich,Nationalrat,lisa.schuchgubik
621,Person,Schulz,Manfred,male,1963,ÖVP,Niederösterreich,Landtag,manfred.schulz24
627,Person,Schwaighofer,Sebastian,male,2000,FPÖ,Österreich,Nationalrat,sebastianschwaighofer
629,Person,Schwarz,Johannes,male,1977,SPÖ,Steiermark,Landtag,hannes_schwarz
630,Person,Schwarz,Jakob,male,1985,GRÜNE,Österreich,Nationalrat,jakobcschwarz
644,Person,Seltenheim,Klaus,male,1984,SPÖ,Österreich,Nationalrat,klausseltenheim
648,Person,Shetty,Yannick,male,1995,NEOS,Österreich,Nationalrat,yannickshetty
650,Person,Sieber,Norbert,male,1969,ÖVP,Österreich,Nationalrat,norbert.sieber
651,Person,Silvan,Rudolf,male,1967,SPÖ,Österreich,Nationalrat,rudi_silvan
653,Person,Sint,Markus,male,1974,FRITZ,Tirol,Landtag,markus.sint
657,Person,Spanring,Andreas Arthur,male,1978,FPÖ,Österreich,Bundesrat,andreas_spanring
658,Person,Spenger,Rainer,male,1970,SPÖ,Niederösterreich,Landtag,rainer.spenger
668,Person,Stark,Kilian,male,1986,GRÜNE,Wien,Landtag,kilianstark14
675,Person,Steger,Petra,female,1987,FPÖ,EU,EP,petra.steger
677,Person,Steiner,Christoph,male,1988,FPÖ,Österreich,Nationalrat,christophsteinerfpoe
681,Person,Stelzer,Thomas,male,1967,ÖVP,Oberösterreich,Landesregierung,thomas.stelzer
683,Person,Stich,Paul,male,1998,SPÖ,Österreich,Nationalrat,paul_stich
687,Person,Strasser,Georg,male,1971,ÖVP,Österreich,Nationalrat,georg_strasser
691,Person,Stumpf,Michael,male,1988,FPÖ,Wien,Landtag,michael_stumpf
692,Person,Stögmüller,David,male,1987,GRÜNE,Österreich,Nationalrat,d_stoegi
693,Person,Stürgkh,Anna,female,1994,NEOS,EU,EP,anna.gkh
696,Person,Sunitsch,Nicole,female,1979,FPÖ,Österreich,Nationalrat,nicole.sunitsch3
697,Person,Svazek,Marlene,female,1992,FPÖ,Salzburg,Landesregierung,marlenesvazek
698,Person,Swatek,Nikolaus,male,1991,NEOS,Steiermark,Landtag,nikoswatek
701,Person,Tanzler,Petra,female,1973,SPÖ,Österreich,Nationalrat,petra.tanzler
703,Person,Taucher,Josef,male,1967,SPÖ,Wien,Landtag,joetaucher
710,Person,Thoma,Christoph,male,1973,ÖVP,Österreich,Bundesrat,christophthoma73
712,Person,Thürschweller,Andreas,male,1973,SPÖ,Steiermark,Landtag,thuerli2704
715,Person,Tomaselli,Nina,female,1985,GRÜNE,Österreich,Nationalrat,dietomaselli
719,Person,Triller,Marco,male,1986,FPÖ,Steiermark,Landtag,marco.triller
722,Person,Tschank,Markus,male,1979,FPÖ,Österreich,Nationalrat,markus_tschank
725,Person,Ulram,Markus,male,1980,ÖVP,Burgenland,Landtag,markusulram
728,Person,Vilimsky,Harald,male,1966,FPÖ,EU,EP,haraldvilimsky
729,Person,Voglauer,Olga,female,1980,GRÜNE,Österreich,Nationalrat,olgavoglauer
732,Person,Vukajlovic,Ines,female,1991,GRÜNE,Oberösterreich,Landtag,ines.vukajlovic
738,Person,Waitz,Thomas,male,1973,GRÜNE,EU,EP,thomas_waitz
740,Person,Waldmann,Sandro,male,1988,FPÖ,Burgenland,Landtag,sandrowaldmann
742,Person,Wallner,Markus,male,1967,ÖVP,Vorarlberg,Landesregierung,lh.markus.wallner
747,Person,Weber,Thomas,male,1967,NEOS,Wien,Landtag,tho_weber
750,Person,Weinzierl,Maximilian,male,1997,FPÖ,Österreich,Nationalrat,max_fpoe
752,Person,Weninger,Hannes,male,1961,SPÖ,Niederösterreich,Landtag,hannesweninger
755,Person,Wiederkehr,Christoph,male,1990,NEOS,Österreich,Bundesregierung,chriswiederkehr
757,Person,Wieser,Johannes,male,1984,ÖVP,Steiermark,Landtag,beewieser
766,Person,Wohlgemuth,Philip,male,1987,SPÖ,Tirol,Landesregierung,philip.wohlgemuth
769,Person,Wotschke,Sophie Marie,female,1998,NEOS,Österreich,Nationalrat,sophiewotschke
770,Person,Wurm,Peter,male,1965,FPÖ,Österreich,Nationalrat,peter.wurm
771,Person,Wöginger,August,male,1974,ÖVP,Österreich,Nationalrat,gustwoeginger
774,Person,Zadić,Alma,female,1984,GRÜNE,Österreich,Nationalrat,alma_zadic
775,Person,Zadra,Daniel,male,1984,GRÜNE,Vorarlberg,Landtag,daniel_zadra1
780,Person,Zarits,Christoph,male,1980,ÖVP,Österreich,Nationalrat,christophzarits
784,Person,Zehetner,Elisabeth,female,1977,ÖVP,Österreich,Bundesregierung,elisabeth_zehetner
787,Person,Zierfuß,Harald,male,2000,ÖVP,Wien,Landtag,harald_zierfuss
790,Person,Zorba,Süleyman,male,1993,GRÜNE,Österreich,Nationalrat,zorbasu
797,Partei,,,,-1,GRÜNE,Burgenland,,diegruenenbgld
801,Partei,,,,-1,NEOS,Kärnten,,neoskaernten
802,Partei,,,,-1,SPÖ,Kärnten,,spoektn
806,Partei,,,,-1,GRÜNE,Niederösterreich,,diegruenennoe
807,Partei,,,,-1,SPÖ,Niederösterreich,,spoe_niederoesterreich
808,Partei,,,,-1,NEOS,Niederösterreich,,neos.noe
811,Partei,,,,-1,SPÖ,Oberösterreich,,spoe_oberoesterreich
812,Partei,,,,-1,FPÖ,Oberösterreich,,fpoe_ooe
813,Partei,,,,-1,GRÜNE,Oberösterreich,,diegruenenooe
814,Partei,,,,-1,ÖVP,Oberösterreich,,ooevp
815,Partei,,,,-1,NEOS,Oberösterreich,,neos_ooe
816,Partei,,,,-1,NEOS,Salzburg,,neos_salzburg
821,Partei,,,,-1,GRÜNE,Steiermark,,diegruenenstmk
822,Partei,,,,-1,ÖVP,Steiermark,,steirischevolkspartei
826,Partei,,,,-1,SPÖ,Tirol,,spoetirol
827,Partei,,,,-1,FPÖ,Tirol,,fpoe.tirol
828,Partei,,,,-1,GRÜNE,Tirol,,gruene_tirol
831,Partei,,,,-1,NEOS,Vorarlberg,,neos.vlbg
832,Partei,,,,-1,ÖVP,Vorarlberg,,vorarlberger_volkspartei
833,Partei,,,,-1,GRÜNE,Vorarlberg,,diegruenenvorarlberg
836,Partei,,,,-1,ÖVP,Wien,,wienervp
837,Partei,,,,-1,NEOS,Wien,,neos_wien
838,Partei,,,,-1,GRÜNE,Wien,,diegruenenwien
839,Partei,,,,-1,SPÖ,Wien,,spoe.wien
840,Partei,,,,-1,FPÖ,Wien,,fpoe_wien
841,Partei,,,,-1,GRÜNE,Österreich,,diegruenenaustria
842,Partei,,,,-1,NEOS,Österreich,,neos_eu
843,Partei,,,,-1,SPÖ,Österreich,,spoe_at
844,Partei,,,,-1,FPÖ,Österreich,,fpoe_at
